{
  "hash": "777d1585",
  "configHash": "81e2e2a7",
  "lockfileHash": "311c97da",
  "browserHash": "847dab18",
  "optimized": {
    "@angular/common": {
      "src": "../../../../../node_modules/@angular/common/fesm2022/common.mjs",
      "file": "@angular_common.js",
      "fileHash": "b6e76607",
      "needsInterop": false
    },
    "@angular/common/http": {
      "src": "../../../../../node_modules/@angular/common/fesm2022/http.mjs",
      "file": "@angular_common_http.js",
      "fileHash": "fa6b5ddb",
      "needsInterop": false
    },
    "@angular/core": {
      "src": "../../../../../node_modules/@angular/core/fesm2022/core.mjs",
      "file": "@angular_core.js",
      "fileHash": "7b26776a",
      "needsInterop": false
    },
    "@angular/forms": {
      "src": "../../../../../node_modules/@angular/forms/fesm2022/forms.mjs",
      "file": "@angular_forms.js",
      "fileHash": "44531790",
      "needsInterop": false
    },
    "@angular/platform-browser": {
      "src": "../../../../../node_modules/@angular/platform-browser/fesm2022/platform-browser.mjs",
      "file": "@angular_platform-browser.js",
      "fileHash": "8bcbb432",
      "needsInterop": false
    },
    "@angular/router": {
      "src": "../../../../../node_modules/@angular/router/fesm2022/router.mjs",
      "file": "@angular_router.js",
      "fileHash": "9ba32b11",
      "needsInterop": false
    },
    "rxjs/operators": {
      "src": "../../../../../node_modules/rxjs/dist/esm5/operators/index.js",
      "file": "rxjs_operators.js",
      "fileHash": "7ad2149e",
      "needsInterop": false
    }
  },
  "chunks": {
    "chunk-ZQGNQSQT": {
      "file": "chunk-ZQGNQSQT.js"
    },
    "chunk-NFJATRVS": {
      "file": "chunk-NFJATRVS.js"
    },
    "chunk-7ZGTAA56": {
      "file": "chunk-7ZGTAA56.js"
    },
    "chunk-TRHK7JJQ": {
      "file": "chunk-TRHK7JJQ.js"
    },
    "chunk-D6GFGIVB": {
      "file": "chunk-D6GFGIVB.js"
    }
  }
}